time,n_A+p,n_B,n_AB
500,0.030,0.914,0.056
1000,0.030,0.847,0.123
1500,0.030,0.830,0.140
2000,0.030,0.735,0.235
2500,0.030,0.640,0.330
3000,0.030,0.690,0.280
3500,0.030,0.777,0.193
4000,0.030,0.697,0.273
4500,0.030,0.695,0.275
5000,0.030,0.681,0.288
5500,0.030,0.684,0.286
6000,0.030,0.615,0.355
6500,0.030,0.597,0.373
7000,0.030,0.649,0.321
7500,0.030,0.682,0.287
8000,0.030,0.714,0.256
8500,0.030,0.690,0.280
9000,0.030,0.683,0.286
9500,0.030,0.675,0.294
10000,0.030,0.690,0.280
10500,0.030,0.770,0.200
11000,0.030,0.633,0.337
11500,0.030,0.675,0.295
12000,0.030,0.646,0.324
12500,0.030,0.703,0.267
13000,0.030,0.688,0.282
13500,0.030,0.675,0.295
14000,0.030,0.709,0.261
14500,0.030,0.629,0.341
15000,0.030,0.654,0.316
15500,0.030,0.708,0.262
16000,0.030,0.675,0.295
16500,0.030,0.691,0.279
17000,0.030,0.695,0.275
17500,0.030,0.642,0.328
18000,0.030,0.635,0.335
18500,0.030,0.673,0.297
19000,0.030,0.638,0.332
19500,0.030,0.617,0.353
20000,0.030,0.676,0.294
20500,0.030,0.722,0.248
21000,0.030,0.665,0.304
21500,0.030,0.648,0.322
22000,0.030,0.672,0.298
22500,0.030,0.616,0.354
23000,0.030,0.604,0.366
23500,0.030,0.531,0.439
24000,0.030,0.610,0.360
24500,0.030,0.561,0.409
25000,0.030,0.630,0.340
25500,0.030,0.639,0.331
26000,0.030,0.663,0.306
26500,0.030,0.718,0.252
27000,0.030,0.664,0.305
27500,0.030,0.640,0.330
28000,0.030,0.670,0.299
28500,0.030,0.725,0.245
29000,0.030,0.727,0.243
29500,0.030,0.727,0.243
30000,0.030,0.637,0.333
30500,0.030,0.717,0.253
31000,0.030,0.670,0.300
31500,0.030,0.731,0.239
32000,0.030,0.704,0.266
32500,0.030,0.782,0.188
33000,0.030,0.760,0.210
33500,0.030,0.779,0.191
34000,0.030,0.742,0.228
34500,0.030,0.686,0.283
35000,0.030,0.686,0.284
35500,0.030,0.655,0.315
36000,0.030,0.727,0.243
36500,0.030,0.676,0.293
37000,0.030,0.623,0.347
37500,0.030,0.669,0.300
38000,0.030,0.658,0.312
38500,0.030,0.659,0.310
39000,0.030,0.599,0.371
39500,0.030,0.719,0.251
40000,0.030,0.740,0.230
40500,0.030,0.676,0.294
41000,0.030,0.676,0.294
41500,0.030,0.696,0.274
42000,0.030,0.721,0.249
42500,0.030,0.705,0.265
43000,0.030,0.713,0.257
43500,0.030,0.648,0.322
44000,0.030,0.681,0.288
44500,0.030,0.653,0.317
45000,0.030,0.633,0.337
45500,0.030,0.688,0.282
46000,0.030,0.681,0.288
46500,0.030,0.728,0.242
47000,0.030,0.729,0.241
47500,0.030,0.684,0.285
48000,0.030,0.764,0.206
48500,0.030,0.728,0.242
49000,0.030,0.696,0.274
49500,0.030,0.646,0.324
50000,0.030,0.603,0.367
50500,0.030,0.651,0.319
51000,0.030,0.738,0.232
51500,0.030,0.790,0.179
52000,0.030,0.755,0.215
52500,0.030,0.719,0.251
53000,0.030,0.697,0.273
53500,0.030,0.699,0.271
54000,0.030,0.701,0.269
54500,0.030,0.689,0.281
55000,0.030,0.731,0.239
55500,0.030,0.673,0.297
56000,0.030,0.731,0.239
56500,0.030,0.679,0.290
57000,0.030,0.702,0.268
57500,0.030,0.637,0.333
58000,0.030,0.697,0.273
58500,0.030,0.595,0.375
59000,0.030,0.691,0.279
59500,0.030,0.656,0.314
60000,0.030,0.631,0.339
60500,0.030,0.664,0.306
61000,0.030,0.678,0.292
61500,0.030,0.656,0.314
62000,0.030,0.604,0.366
62500,0.030,0.729,0.241
63000,0.030,0.722,0.248
63500,0.030,0.713,0.257
64000,0.030,0.647,0.323
64500,0.030,0.720,0.250
65000,0.030,0.682,0.287
65500,0.030,0.618,0.352
66000,0.030,0.637,0.333
66500,0.030,0.650,0.320
67000,0.030,0.746,0.224
67500,0.030,0.693,0.277
68000,0.030,0.624,0.346
68500,0.030,0.661,0.308
69000,0.030,0.710,0.260
69500,0.030,0.710,0.260
70000,0.030,0.730,0.240
70500,0.030,0.701,0.269
71000,0.030,0.561,0.409
71500,0.030,0.592,0.378
72000,0.030,0.549,0.420
72500,0.030,0.684,0.286
73000,0.030,0.701,0.269
73500,0.030,0.694,0.276
74000,0.030,0.747,0.223
74500,0.030,0.743,0.227
75000,0.030,0.697,0.273
75500,0.030,0.684,0.285
76000,0.030,0.709,0.261
76500,0.030,0.701,0.269
77000,0.030,0.707,0.263
77500,0.030,0.737,0.233
78000,0.030,0.629,0.341
78500,0.030,0.664,0.306
79000,0.030,0.628,0.342
79500,0.030,0.651,0.319
80000,0.030,0.693,0.277
80500,0.030,0.691,0.279
81000,0.030,0.741,0.229
81500,0.030,0.731,0.239
82000,0.030,0.702,0.268
82500,0.030,0.670,0.299
83000,0.030,0.765,0.205
83500,0.030,0.665,0.305
84000,0.030,0.743,0.227
84500,0.030,0.754,0.216
85000,0.030,0.753,0.217
85500,0.030,0.662,0.307
86000,0.030,0.650,0.320
86500,0.030,0.630,0.340
87000,0.030,0.674,0.296
87500,0.030,0.680,0.289
88000,0.030,0.616,0.354
88500,0.030,0.655,0.315
89000,0.030,0.720,0.250
89500,0.030,0.680,0.290
90000,0.030,0.625,0.345
90500,0.030,0.714,0.256
91000,0.030,0.643,0.327
91500,0.030,0.635,0.335
92000,0.030,0.682,0.287
92500,0.030,0.683,0.286
93000,0.030,0.641,0.329
93500,0.030,0.697,0.273
94000,0.030,0.656,0.314
94500,0.030,0.724,0.246
95000,0.030,0.639,0.331
95500,0.030,0.638,0.332
96000,0.030,0.639,0.331
96500,0.030,0.641,0.329
97000,0.030,0.691,0.279
97500,0.030,0.723,0.247
98000,0.030,0.680,0.290
98500,0.030,0.685,0.285
99000,0.030,0.717,0.253
99500,0.030,0.712,0.258
100000,0.030,0.643,0.327
100500,0.030,0.609,0.361
101000,0.030,0.725,0.245
101500,0.030,0.663,0.307
102000,0.030,0.597,0.373
102500,0.030,0.585,0.385
103000,0.030,0.581,0.389
103500,0.030,0.658,0.312
104000,0.030,0.683,0.286
104500,0.030,0.709,0.261
105000,0.030,0.694,0.276
105500,0.030,0.721,0.249
106000,0.030,0.665,0.304
106500,0.030,0.630,0.340
107000,0.030,0.662,0.308
107500,0.030,0.685,0.284
108000,0.030,0.630,0.340
108500,0.030,0.682,0.287
109000,0.030,0.734,0.236
109500,0.030,0.745,0.225
110000,0.030,0.702,0.268
110500,0.030,0.761,0.209
111000,0.030,0.730,0.240
111500,0.030,0.740,0.230
112000,0.030,0.762,0.208
112500,0.030,0.818,0.152
113000,0.030,0.770,0.200
113500,0.030,0.760,0.210
114000,0.030,0.731,0.239
114500,0.030,0.586,0.384
115000,0.030,0.671,0.298
115500,0.030,0.664,0.306
116000,0.030,0.628,0.342
116500,0.030,0.707,0.263
117000,0.030,0.704,0.266
117500,0.030,0.722,0.248
118000,0.030,0.748,0.222
118500,0.030,0.722,0.248
119000,0.030,0.652,0.318
119500,0.030,0.653,0.317
120000,0.030,0.711,0.259
120500,0.030,0.636,0.334
121000,0.030,0.695,0.275
121500,0.030,0.712,0.258
122000,0.030,0.757,0.213
122500,0.030,0.780,0.190
123000,0.030,0.710,0.260
123500,0.030,0.748,0.222
124000,0.030,0.716,0.254
124500,0.030,0.706,0.264
125000,0.030,0.759,0.211
125500,0.030,0.709,0.261
126000,0.030,0.745,0.225
126500,0.030,0.760,0.210
127000,0.030,0.738,0.232
127500,0.030,0.664,0.305
128000,0.030,0.717,0.253
128500,0.030,0.677,0.292
129000,0.030,0.574,0.396
129500,0.030,0.611,0.359
130000,0.030,0.669,0.300
130500,0.030,0.638,0.332
131000,0.030,0.708,0.262
131500,0.030,0.711,0.259
132000,0.030,0.697,0.273
132500,0.030,0.708,0.262
133000,0.030,0.736,0.234
133500,0.030,0.658,0.311
134000,0.030,0.703,0.267
134500,0.030,0.680,0.290
135000,0.030,0.681,0.289
135500,0.030,0.644,0.326
136000,0.030,0.632,0.338
136500,0.030,0.671,0.299
137000,0.030,0.689,0.281
137500,0.030,0.643,0.327
138000,0.030,0.607,0.363
138500,0.030,0.601,0.369
139000,0.030,0.642,0.328
139500,0.030,0.540,0.429
140000,0.030,0.649,0.321
140500,0.030,0.656,0.314
141000,0.030,0.634,0.336
141500,0.030,0.702,0.268
142000,0.030,0.694,0.276
142500,0.030,0.668,0.301
143000,0.030,0.617,0.353
143500,0.030,0.613,0.357
144000,0.030,0.536,0.433
144500,0.030,0.588,0.382
145000,0.030,0.623,0.347
145500,0.030,0.598,0.372
146000,0.030,0.676,0.293
146500,0.030,0.669,0.300
147000,0.030,0.620,0.350
147500,0.030,0.694,0.276
148000,0.030,0.635,0.335
148500,0.030,0.663,0.306
149000,0.030,0.710,0.260
149500,0.030,0.754,0.216
150000,0.030,0.761,0.209
150500,0.030,0.704,0.266
151000,0.030,0.765,0.205
151500,0.030,0.766,0.204
152000,0.030,0.702,0.268
152500,0.030,0.645,0.325
153000,0.030,0.652,0.318
153500,0.030,0.711,0.259
154000,0.030,0.661,0.308
154500,0.030,0.634,0.336
155000,0.030,0.708,0.262
155500,0.030,0.773,0.197
156000,0.030,0.706,0.264
156500,0.030,0.593,0.377
157000,0.030,0.641,0.329
157500,0.030,0.652,0.318
158000,0.030,0.632,0.338
158500,0.030,0.723,0.247
159000,0.030,0.684,0.285
159500,0.030,0.569,0.401
160000,0.030,0.596,0.374
160500,0.030,0.615,0.355
161000,0.030,0.630,0.340
161500,0.030,0.656,0.314
162000,0.030,0.656,0.314
162500,0.030,0.680,0.289
163000,0.030,0.643,0.327
163500,0.030,0.630,0.340
164000,0.030,0.677,0.292
164500,0.030,0.638,0.332
165000,0.030,0.720,0.250
165500,0.030,0.685,0.284
166000,0.030,0.638,0.332
166500,0.030,0.591,0.379
167000,0.030,0.594,0.376
167500,0.030,0.643,0.327
168000,0.030,0.636,0.334
168500,0.030,0.566,0.404
169000,0.030,0.636,0.334
169500,0.030,0.540,0.430
170000,0.030,0.623,0.347
170500,0.030,0.609,0.361
171000,0.030,0.638,0.332
171500,0.030,0.520,0.450
172000,0.030,0.613,0.357
172500,0.030,0.630,0.340
173000,0.030,0.706,0.264
173500,0.030,0.735,0.235
174000,0.030,0.728,0.242
174500,0.030,0.740,0.230
175000,0.030,0.730,0.240
175500,0.030,0.771,0.199
176000,0.030,0.710,0.260
176500,0.030,0.659,0.310
177000,0.030,0.703,0.267
177500,0.030,0.674,0.296
178000,0.030,0.637,0.333
178500,0.030,0.672,0.298
179000,0.030,0.692,0.278
179500,0.030,0.674,0.296
180000,0.030,0.714,0.256
180500,0.030,0.724,0.246
181000,0.030,0.743,0.227
181500,0.030,0.727,0.243
182000,0.030,0.631,0.339
182500,0.030,0.651,0.319
183000,0.030,0.625,0.345
183500,0.030,0.600,0.370
184000,0.030,0.672,0.298
184500,0.030,0.573,0.397
185000,0.030,0.503,0.467
185500,0.030,0.539,0.430
186000,0.030,0.625,0.345
186500,0.030,0.697,0.273
187000,0.030,0.659,0.310
187500,0.030,0.644,0.326
188000,0.030,0.674,0.296
188500,0.030,0.719,0.251
189000,0.030,0.754,0.216
189500,0.030,0.733,0.237
190000,0.030,0.658,0.312
190500,0.030,0.709,0.261
191000,0.030,0.683,0.287
191500,0.030,0.633,0.337
192000,0.030,0.681,0.288
192500,0.030,0.655,0.315
193000,0.030,0.623,0.347
193500,0.030,0.672,0.298
194000,0.030,0.641,0.329
194500,0.030,0.647,0.323
195000,0.030,0.663,0.306
195500,0.030,0.658,0.311
196000,0.030,0.664,0.305
196500,0.030,0.710,0.260
197000,0.030,0.704,0.266
197500,0.030,0.699,0.271
198000,0.030,0.651,0.319
198500,0.030,0.720,0.250
199000,0.030,0.660,0.309
199500,0.030,0.728,0.242
200000,0.030,0.658,0.312
200500,0.030,0.612,0.358
201000,0.030,0.597,0.373
201500,0.030,0.658,0.311
202000,0.030,0.655,0.315
202500,0.030,0.652,0.318
203000,0.030,0.631,0.339
203500,0.030,0.634,0.336
204000,0.030,0.564,0.406
204500,0.030,0.664,0.306
205000,0.030,0.588,0.382
205500,0.030,0.618,0.352
206000,0.030,0.727,0.243
206500,0.030,0.749,0.221
207000,0.030,0.710,0.260
207500,0.030,0.641,0.329
208000,0.030,0.597,0.373
208500,0.030,0.665,0.305
209000,0.030,0.698,0.272
209500,0.030,0.724,0.246
210000,0.030,0.744,0.226
210500,0.030,0.636,0.334
211000,0.030,0.677,0.293
211500,0.030,0.689,0.281
212000,0.030,0.627,0.343
212500,0.030,0.678,0.291
213000,0.030,0.645,0.325
213500,0.030,0.626,0.344
214000,0.030,0.612,0.358
214500,0.030,0.685,0.285
215000,0.030,0.628,0.342
215500,0.030,0.653,0.317
216000,0.030,0.688,0.282
216500,0.030,0.670,0.299
217000,0.030,0.670,0.300
217500,0.030,0.654,0.316
218000,0.030,0.701,0.269
218500,0.030,0.704,0.266
219000,0.030,0.747,0.223
219500,0.030,0.721,0.249
220000,0.030,0.686,0.284
220500,0.030,0.636,0.334
221000,0.030,0.670,0.300
221500,0.030,0.595,0.375
222000,0.030,0.642,0.328
222500,0.030,0.622,0.348
223000,0.030,0.633,0.337
223500,0.030,0.701,0.269
224000,0.030,0.684,0.285
224500,0.030,0.714,0.256
225000,0.030,0.708,0.262
225500,0.030,0.701,0.269
226000,0.030,0.702,0.268
226500,0.030,0.658,0.311
227000,0.030,0.660,0.309
227500,0.030,0.613,0.357
228000,0.030,0.713,0.257
228500,0.030,0.680,0.290
229000,0.030,0.647,0.323
229500,0.030,0.646,0.324
230000,0.030,0.736,0.234
230500,0.030,0.757,0.213
231000,0.030,0.731,0.239
231500,0.030,0.684,0.285
232000,0.030,0.663,0.307
232500,0.030,0.720,0.250
233000,0.030,0.730,0.240
233500,0.030,0.747,0.223
234000,0.030,0.735,0.235
234500,0.030,0.718,0.252
235000,0.030,0.787,0.182
235500,0.030,0.780,0.190
236000,0.030,0.712,0.258
236500,0.030,0.744,0.226
237000,0.030,0.766,0.204
237500,0.030,0.787,0.182
238000,0.030,0.758,0.212
238500,0.030,0.713,0.257
239000,0.030,0.743,0.227
239500,0.030,0.761,0.209
240000,0.030,0.667,0.302
240500,0.030,0.674,0.296
241000,0.030,0.695,0.275
241500,0.030,0.602,0.368
242000,0.030,0.659,0.310
242500,0.030,0.736,0.234
243000,0.030,0.693,0.277
243500,0.030,0.646,0.324
244000,0.030,0.720,0.250
244500,0.030,0.696,0.274
245000,0.030,0.702,0.268
245500,0.030,0.651,0.319
246000,0.030,0.650,0.320
246500,0.030,0.689,0.281
247000,0.030,0.701,0.269
247500,0.030,0.658,0.312
248000,0.030,0.661,0.309
248500,0.030,0.646,0.324
249000,0.030,0.744,0.226
249500,0.030,0.718,0.252
250000,0.030,0.642,0.328
250500,0.030,0.654,0.316
251000,0.030,0.649,0.321
251500,0.030,0.646,0.324
252000,0.030,0.673,0.297
252500,0.030,0.667,0.303
253000,0.030,0.704,0.266
253500,0.030,0.660,0.309
254000,0.030,0.610,0.360
254500,0.030,0.704,0.266
255000,0.030,0.735,0.235
255500,0.030,0.745,0.225
256000,0.030,0.684,0.286
256500,0.030,0.733,0.237
257000,0.030,0.614,0.356
257500,0.030,0.636,0.334
258000,0.030,0.691,0.279
258500,0.030,0.641,0.329
259000,0.030,0.715,0.255
259500,0.030,0.749,0.221
260000,0.030,0.765,0.205
260500,0.030,0.716,0.254
261000,0.030,0.670,0.300
261500,0.030,0.636,0.334
262000,0.030,0.696,0.274
262500,0.030,0.747,0.223
263000,0.030,0.788,0.181
263500,0.030,0.715,0.255
264000,0.030,0.770,0.200
264500,0.030,0.773,0.197
265000,0.030,0.773,0.197
265500,0.030,0.762,0.208
266000,0.030,0.702,0.268
266500,0.030,0.711,0.259
267000,0.030,0.721,0.249
267500,0.030,0.716,0.254
268000,0.030,0.696,0.274
268500,0.030,0.630,0.340
269000,0.030,0.644,0.326
269500,0.030,0.661,0.308
270000,0.030,0.693,0.277
270500,0.030,0.627,0.343
271000,0.030,0.646,0.324
271500,0.030,0.673,0.297
272000,0.030,0.629,0.341
272500,0.030,0.547,0.423
273000,0.030,0.620,0.350
273500,0.030,0.741,0.229
274000,0.030,0.707,0.263
274500,0.030,0.665,0.304
275000,0.030,0.684,0.286
275500,0.030,0.626,0.344
276000,0.030,0.643,0.327
276500,0.030,0.660,0.309
277000,0.030,0.621,0.349
277500,0.030,0.688,0.282
278000,0.030,0.751,0.219
278500,0.030,0.789,0.180
279000,0.030,0.786,0.183
279500,0.030,0.782,0.188
280000,0.030,0.771,0.199
280500,0.030,0.725,0.245
281000,0.030,0.719,0.251
281500,0.030,0.696,0.274
282000,0.030,0.622,0.348
282500,0.030,0.626,0.344
283000,0.030,0.654,0.316
283500,0.030,0.639,0.331
284000,0.030,0.659,0.310
284500,0.030,0.755,0.215
285000,0.030,0.745,0.225
285500,0.030,0.669,0.301
286000,0.030,0.645,0.325
286500,0.030,0.644,0.326
287000,0.030,0.680,0.290
287500,0.030,0.725,0.245
288000,0.030,0.764,0.206
288500,0.030,0.717,0.253
289000,0.030,0.712,0.258
289500,0.030,0.748,0.222
290000,0.030,0.699,0.271
290500,0.030,0.615,0.355
291000,0.030,0.638,0.332
291500,0.030,0.625,0.345
292000,0.030,0.635,0.335
292500,0.030,0.690,0.280
293000,0.030,0.714,0.256
293500,0.030,0.582,0.388
294000,0.030,0.641,0.329
294500,0.030,0.662,0.307
295000,0.030,0.756,0.214
295500,0.030,0.700,0.270
296000,0.030,0.635,0.335
296500,0.030,0.624,0.346
297000,0.030,0.634,0.336
297500,0.030,0.661,0.309
298000,0.030,0.702,0.268
298500,0.030,0.705,0.265
299000,0.030,0.715,0.255
299500,0.030,0.768,0.202
300000,0.030,0.658,0.311
300500,0.030,0.631,0.339
301000,0.030,0.641,0.329
301500,0.030,0.679,0.291
302000,0.030,0.697,0.273
302500,0.030,0.702,0.268
303000,0.030,0.695,0.275
303500,0.030,0.719,0.251
304000,0.030,0.679,0.290
304500,0.030,0.606,0.364
305000,0.030,0.588,0.382
305500,0.030,0.613,0.357
306000,0.030,0.725,0.245
306500,0.030,0.648,0.322
307000,0.030,0.669,0.301
307500,0.030,0.730,0.240
308000,0.030,0.664,0.306
308500,0.030,0.686,0.284
309000,0.030,0.708,0.262
309500,0.030,0.657,0.313
310000,0.030,0.689,0.281
310500,0.030,0.675,0.294
311000,0.030,0.676,0.293
311500,0.030,0.656,0.314
312000,0.030,0.638,0.332
312500,0.030,0.596,0.374
313000,0.030,0.598,0.372
313500,0.030,0.634,0.336
314000,0.030,0.666,0.303
314500,0.030,0.702,0.268
315000,0.030,0.620,0.350
315500,0.030,0.624,0.346
316000,0.030,0.695,0.275
316500,0.030,0.668,0.302
317000,0.030,0.674,0.296
317500,0.030,0.749,0.221
318000,0.030,0.706,0.264
318500,0.030,0.674,0.295
319000,0.030,0.659,0.310
319500,0.030,0.641,0.329
320000,0.030,0.607,0.363
320500,0.030,0.629,0.341
321000,0.030,0.613,0.357
321500,0.030,0.692,0.278
322000,0.030,0.724,0.246
322500,0.030,0.738,0.232
323000,0.030,0.731,0.239
323500,0.030,0.731,0.239
324000,0.030,0.703,0.267
324500,0.030,0.757,0.213
325000,0.030,0.752,0.218
325500,0.030,0.670,0.299
326000,0.030,0.664,0.305
326500,0.030,0.695,0.275
327000,0.030,0.767,0.203
327500,0.030,0.766,0.204
328000,0.030,0.756,0.214
328500,0.030,0.691,0.279
329000,0.030,0.662,0.308
329500,0.030,0.659,0.310
330000,0.030,0.627,0.343
330500,0.030,0.710,0.260
331000,0.030,0.647,0.323
331500,0.030,0.643,0.327
332000,0.030,0.642,0.328
332500,0.030,0.693,0.277
333000,0.030,0.691,0.279
333500,0.030,0.663,0.306
334000,0.030,0.629,0.341
334500,0.030,0.685,0.285
335000,0.030,0.699,0.271
335500,0.030,0.698,0.272
336000,0.030,0.707,0.263
336500,0.030,0.710,0.260
337000,0.030,0.679,0.291
337500,0.030,0.675,0.294
338000,0.030,0.643,0.327
338500,0.030,0.734,0.236
339000,0.030,0.690,0.280
339500,0.030,0.668,0.301
340000,0.030,0.633,0.337
340500,0.030,0.698,0.272
341000,0.030,0.645,0.325
341500,0.030,0.734,0.236
342000,0.030,0.732,0.238
342500,0.030,0.768,0.202
343000,0.030,0.746,0.224
343500,0.030,0.754,0.216
344000,0.030,0.751,0.219
344500,0.030,0.740,0.230
345000,0.030,0.729,0.241
345500,0.030,0.629,0.341
346000,0.030,0.614,0.356
346500,0.030,0.654,0.316
347000,0.030,0.700,0.270
347500,0.030,0.688,0.282
348000,0.030,0.754,0.216
348500,0.030,0.685,0.284
349000,0.030,0.685,0.284
349500,0.030,0.753,0.217
350000,0.030,0.735,0.235
350500,0.030,0.694,0.276
351000,0.030,0.671,0.298
351500,0.030,0.621,0.349
352000,0.030,0.599,0.371
352500,0.030,0.590,0.380
353000,0.030,0.658,0.311
353500,0.030,0.728,0.242
354000,0.030,0.771,0.199
354500,0.030,0.694,0.276
355000,0.030,0.660,0.309
355500,0.030,0.712,0.258
356000,0.030,0.713,0.257
356500,0.030,0.713,0.257
357000,0.030,0.601,0.369
357500,0.030,0.644,0.326
358000,0.030,0.658,0.311
358500,0.030,0.640,0.330
359000,0.030,0.712,0.258
359500,0.030,0.679,0.291
360000,0.030,0.740,0.230
360500,0.030,0.667,0.303
361000,0.030,0.668,0.302
361500,0.030,0.651,0.319
362000,0.030,0.651,0.319
362500,0.030,0.624,0.346
363000,0.030,0.647,0.323
363500,0.030,0.645,0.325
364000,0.030,0.690,0.280
364500,0.030,0.715,0.255
365000,0.030,0.702,0.268
365500,0.030,0.672,0.297
366000,0.030,0.768,0.202
366500,0.030,0.789,0.180
367000,0.030,0.703,0.267
367500,0.030,0.703,0.267
368000,0.030,0.623,0.347
368500,0.030,0.700,0.270
369000,0.030,0.700,0.270
369500,0.030,0.597,0.373
370000,0.030,0.649,0.321
370500,0.030,0.741,0.229
371000,0.030,0.733,0.237
371500,0.030,0.807,0.163
372000,0.030,0.703,0.267
372500,0.030,0.714,0.256
373000,0.030,0.759,0.211
373500,0.030,0.711,0.259
374000,0.030,0.668,0.301
374500,0.030,0.700,0.270
375000,0.030,0.645,0.325
375500,0.030,0.661,0.309
376000,0.030,0.585,0.385
376500,0.030,0.674,0.296
377000,0.030,0.700,0.270
377500,0.030,0.727,0.243
378000,0.030,0.703,0.267
378500,0.030,0.663,0.306
379000,0.030,0.636,0.334
379500,0.030,0.697,0.273
380000,0.030,0.745,0.225
380500,0.030,0.617,0.353
381000,0.030,0.653,0.317
381500,0.030,0.714,0.256
382000,0.030,0.717,0.253
382500,0.030,0.648,0.322
383000,0.030,0.671,0.298
383500,0.030,0.632,0.338
384000,0.030,0.564,0.406
384500,0.030,0.592,0.378
385000,0.030,0.641,0.329
385500,0.030,0.707,0.263
386000,0.030,0.720,0.250
386500,0.030,0.787,0.182
387000,0.030,0.759,0.211
387500,0.030,0.695,0.275
388000,0.030,0.704,0.266
388500,0.030,0.653,0.317
389000,0.030,0.683,0.286
389500,0.030,0.671,0.299
390000,0.030,0.723,0.247
390500,0.030,0.712,0.258
391000,0.030,0.709,0.261
391500,0.030,0.616,0.354
392000,0.030,0.676,0.293
392500,0.030,0.695,0.275
393000,0.030,0.745,0.225
393500,0.030,0.723,0.247
394000,0.030,0.797,0.173
394500,0.030,0.750,0.220
395000,0.030,0.697,0.273
395500,0.030,0.681,0.289
396000,0.030,0.699,0.271
396500,0.030,0.632,0.338
397000,0.030,0.681,0.288
397500,0.030,0.694,0.276
398000,0.030,0.558,0.411
398500,0.030,0.582,0.388
399000,0.030,0.627,0.343
399500,0.030,0.699,0.271
400000,0.030,0.736,0.234
400500,0.030,0.696,0.274
401000,0.030,0.724,0.246
401500,0.030,0.680,0.290
402000,0.030,0.709,0.261
402500,0.030,0.695,0.275
403000,0.030,0.642,0.328
403500,0.030,0.659,0.311
404000,0.030,0.681,0.288
404500,0.030,0.715,0.255
405000,0.030,0.669,0.301
405500,0.030,0.650,0.320
406000,0.030,0.670,0.300
406500,0.030,0.717,0.253
407000,0.030,0.704,0.266
407500,0.030,0.649,0.321
408000,0.030,0.594,0.376
408500,0.030,0.601,0.369
409000,0.030,0.644,0.326
409500,0.030,0.673,0.296
410000,0.030,0.723,0.247
410500,0.030,0.784,0.186
411000,0.030,0.710,0.260
411500,0.030,0.688,0.282
412000,0.030,0.625,0.345
412500,0.030,0.661,0.309
413000,0.030,0.702,0.268
413500,0.030,0.758,0.212
414000,0.030,0.639,0.331
414500,0.030,0.682,0.288
415000,0.030,0.605,0.365
415500,0.030,0.666,0.304
416000,0.030,0.620,0.350
416500,0.030,0.592,0.378
417000,0.030,0.634,0.336
417500,0.030,0.635,0.335
418000,0.030,0.734,0.236
418500,0.030,0.658,0.312
419000,0.030,0.734,0.236
419500,0.030,0.692,0.278
420000,0.030,0.692,0.278
420500,0.030,0.609,0.361
421000,0.030,0.645,0.325
421500,0.030,0.633,0.337
422000,0.030,0.661,0.308
422500,0.030,0.664,0.306
423000,0.030,0.691,0.279
423500,0.030,0.723,0.247
424000,0.030,0.730,0.240
424500,0.030,0.716,0.254
425000,0.030,0.600,0.370
425500,0.030,0.621,0.349
426000,0.030,0.660,0.310
426500,0.030,0.665,0.305
427000,0.030,0.685,0.284
427500,0.030,0.698,0.272
428000,0.030,0.649,0.321
428500,0.030,0.671,0.299
429000,0.030,0.581,0.389
429500,0.030,0.640,0.330
430000,0.030,0.727,0.243
430500,0.030,0.702,0.268
431000,0.030,0.677,0.293
431500,0.030,0.662,0.307
432000,0.030,0.735,0.235
432500,0.030,0.701,0.269
433000,0.030,0.697,0.273
433500,0.030,0.650,0.320
434000,0.030,0.690,0.280
434500,0.030,0.651,0.319
435000,0.030,0.679,0.291
435500,0.030,0.752,0.218
436000,0.030,0.742,0.228
436500,0.030,0.753,0.217
437000,0.030,0.753,0.217
437500,0.030,0.775,0.195
438000,0.030,0.758,0.212
438500,0.030,0.764,0.206
439000,0.030,0.731,0.239
439500,0.030,0.618,0.352
440000,0.030,0.632,0.338
440500,0.030,0.638,0.332
441000,0.030,0.654,0.316
441500,0.030,0.682,0.288
442000,0.030,0.629,0.341
442500,0.030,0.593,0.377
443000,0.030,0.695,0.275
443500,0.030,0.656,0.314
444000,0.030,0.658,0.312
444500,0.030,0.677,0.292
445000,0.030,0.699,0.271
445500,0.030,0.688,0.282
446000,0.030,0.737,0.233
446500,0.030,0.720,0.250
447000,0.030,0.645,0.325
447500,0.030,0.636,0.334
448000,0.030,0.702,0.268
448500,0.030,0.675,0.295
449000,0.030,0.678,0.292
449500,0.030,0.662,0.308
450000,0.030,0.662,0.307
450500,0.030,0.782,0.188
451000,0.030,0.788,0.182
451500,0.030,0.744,0.226
452000,0.030,0.670,0.300
452500,0.030,0.837,0.133
453000,0.030,0.749,0.221
453500,0.030,0.738,0.232
454000,0.030,0.761,0.209
454500,0.030,0.781,0.189
455000,0.030,0.708,0.262
455500,0.030,0.598,0.372
456000,0.030,0.615,0.355
456500,0.030,0.618,0.352
457000,0.030,0.633,0.337
457500,0.030,0.688,0.282
458000,0.030,0.661,0.308
458500,0.030,0.688,0.282
459000,0.030,0.758,0.212
459500,0.030,0.751,0.219
460000,0.030,0.667,0.302
460500,0.030,0.620,0.350
461000,0.030,0.688,0.282
461500,0.030,0.695,0.275
462000,0.030,0.656,0.314
462500,0.030,0.705,0.265
463000,0.030,0.630,0.340
463500,0.030,0.659,0.311
464000,0.030,0.704,0.266
464500,0.030,0.733,0.237
465000,0.030,0.703,0.267
465500,0.030,0.722,0.248
466000,0.030,0.748,0.222
466500,0.030,0.751,0.219
467000,0.030,0.713,0.257
467500,0.030,0.684,0.286
468000,0.030,0.705,0.265
468500,0.030,0.682,0.288
469000,0.030,0.588,0.382
469500,0.030,0.652,0.318
470000,0.030,0.563,0.407
470500,0.030,0.631,0.339
471000,0.030,0.673,0.296
471500,0.030,0.715,0.255
472000,0.030,0.713,0.257
472500,0.030,0.644,0.326
473000,0.030,0.714,0.256
473500,0.030,0.714,0.256
474000,0.030,0.737,0.233
474500,0.030,0.607,0.363
475000,0.030,0.663,0.307
475500,0.030,0.635,0.335
476000,0.030,0.633,0.337
476500,0.030,0.611,0.359
477000,0.030,0.651,0.319
477500,0.030,0.694,0.276
478000,0.030,0.603,0.367
478500,0.030,0.691,0.279
479000,0.030,0.602,0.368
479500,0.030,0.569,0.401
480000,0.030,0.685,0.285
480500,0.030,0.764,0.206
481000,0.030,0.773,0.197
481500,0.030,0.738,0.232
482000,0.030,0.753,0.217
482500,0.030,0.687,0.283
483000,0.030,0.681,0.289
483500,0.030,0.681,0.289
484000,0.030,0.696,0.274
484500,0.030,0.738,0.232
485000,0.030,0.707,0.263
485500,0.030,0.658,0.312
486000,0.030,0.684,0.285
486500,0.030,0.710,0.260
487000,0.030,0.806,0.163
487500,0.030,0.817,0.153
488000,0.030,0.779,0.191
488500,0.030,0.725,0.245
489000,0.030,0.697,0.273
489500,0.030,0.689,0.281
490000,0.030,0.621,0.349
490500,0.030,0.711,0.259
491000,0.030,0.622,0.348
491500,0.030,0.671,0.299
492000,0.030,0.624,0.346
492500,0.030,0.699,0.271
493000,0.030,0.724,0.246
493500,0.030,0.731,0.239
494000,0.030,0.778,0.192
494500,0.030,0.794,0.176
495000,0.030,0.739,0.231
495500,0.030,0.746,0.224
496000,0.030,0.753,0.217
496500,0.030,0.727,0.243
497000,0.030,0.720,0.250
497500,0.030,0.684,0.286
498000,0.030,0.624,0.346
498500,0.030,0.710,0.260
499000,0.030,0.675,0.294
499500,0.030,0.710,0.260
500000,0.030,0.764,0.206
500500,0.030,0.788,0.181
501000,0.030,0.729,0.241
501500,0.030,0.738,0.232
502000,0.030,0.659,0.311
502500,0.030,0.646,0.324
503000,0.030,0.622,0.348
503500,0.030,0.601,0.369
504000,0.030,0.664,0.306
504500,0.030,0.642,0.328
505000,0.030,0.606,0.364
505500,0.030,0.688,0.282
506000,0.030,0.675,0.294
506500,0.030,0.690,0.280
507000,0.030,0.647,0.323
507500,0.030,0.682,0.287
508000,0.030,0.752,0.218
508500,0.030,0.655,0.315
509000,0.030,0.695,0.275
509500,0.030,0.657,0.313
510000,0.030,0.667,0.302
510500,0.030,0.624,0.346
511000,0.030,0.628,0.342
511500,0.030,0.659,0.310
512000,0.030,0.682,0.288
512500,0.030,0.643,0.327
513000,0.030,0.699,0.271
513500,0.030,0.706,0.264
514000,0.030,0.698,0.272
514500,0.030,0.739,0.231
515000,0.030,0.750,0.220
515500,0.030,0.656,0.314
516000,0.030,0.665,0.304
516500,0.030,0.648,0.322
517000,0.030,0.686,0.284
517500,0.030,0.706,0.264
518000,0.030,0.629,0.341
518500,0.030,0.639,0.331
519000,0.030,0.608,0.362
519500,0.030,0.673,0.297
520000,0.030,0.653,0.317
520500,0.030,0.660,0.310
521000,0.030,0.735,0.235
521500,0.030,0.679,0.291
522000,0.030,0.731,0.239
522500,0.030,0.729,0.241
523000,0.030,0.721,0.249
523500,0.030,0.667,0.303
524000,0.030,0.626,0.344
524500,0.030,0.737,0.233
525000,0.030,0.738,0.232
525500,0.030,0.711,0.259
526000,0.030,0.737,0.233
526500,0.030,0.707,0.263
527000,0.030,0.675,0.295
527500,0.030,0.731,0.239
528000,0.030,0.735,0.235
528500,0.030,0.717,0.253
529000,0.030,0.737,0.233
529500,0.030,0.739,0.231
530000,0.030,0.653,0.317
530500,0.030,0.650,0.320
531000,0.030,0.723,0.247
531500,0.030,0.704,0.266
532000,0.030,0.758,0.212
532500,0.030,0.765,0.205
533000,0.030,0.745,0.225
533500,0.030,0.719,0.251
534000,0.030,0.673,0.297
534500,0.030,0.704,0.266
535000,0.030,0.716,0.254
535500,0.030,0.673,0.296
536000,0.030,0.722,0.248
536500,0.030,0.718,0.252
537000,0.030,0.686,0.283
537500,0.030,0.688,0.282
538000,0.030,0.621,0.349
538500,0.030,0.663,0.307
539000,0.030,0.725,0.245
539500,0.030,0.706,0.264
540000,0.030,0.713,0.257
540500,0.030,0.737,0.233
541000,0.030,0.667,0.302
541500,0.030,0.700,0.270
542000,0.030,0.730,0.240
542500,0.030,0.718,0.252
543000,0.030,0.662,0.307
543500,0.030,0.716,0.254
544000,0.030,0.716,0.254
544500,0.030,0.746,0.224
545000,0.030,0.792,0.177
545500,0.030,0.777,0.193
546000,0.030,0.709,0.261
546500,0.030,0.734,0.236
547000,0.030,0.765,0.205
547500,0.030,0.744,0.226
548000,0.030,0.695,0.275
548500,0.030,0.650,0.320
549000,0.030,0.654,0.316
549500,0.030,0.745,0.225
550000,0.030,0.731,0.239
550500,0.030,0.657,0.312
551000,0.030,0.706,0.264
551500,0.030,0.714,0.256
552000,0.030,0.714,0.256
552500,0.030,0.656,0.314
553000,0.030,0.694,0.276
553500,0.030,0.647,0.323
554000,0.030,0.664,0.305
554500,0.030,0.688,0.282
555000,0.030,0.651,0.319
555500,0.030,0.672,0.297
556000,0.030,0.658,0.312
556500,0.030,0.655,0.315
557000,0.030,0.624,0.346
557500,0.030,0.774,0.196
558000,0.030,0.720,0.250
558500,0.030,0.660,0.309
559000,0.030,0.699,0.271
559500,0.030,0.738,0.232
560000,0.030,0.745,0.225
560500,0.030,0.727,0.243
561000,0.030,0.678,0.292
561500,0.030,0.698,0.272
562000,0.030,0.661,0.309
562500,0.030,0.690,0.280
563000,0.030,0.665,0.305
563500,0.030,0.729,0.241
564000,0.030,0.694,0.276
564500,0.030,0.596,0.374
565000,0.030,0.558,0.412
565500,0.030,0.590,0.380
566000,0.030,0.682,0.288
566500,0.030,0.660,0.309
567000,0.030,0.678,0.291
567500,0.030,0.694,0.276
568000,0.030,0.700,0.270
568500,0.030,0.712,0.258
569000,0.030,0.729,0.241
569500,0.030,0.750,0.220
570000,0.030,0.709,0.261
570500,0.030,0.626,0.344
571000,0.030,0.621,0.349
571500,0.030,0.673,0.296
572000,0.030,0.660,0.309
572500,0.030,0.708,0.262
573000,0.030,0.734,0.236
573500,0.030,0.718,0.252
574000,0.030,0.654,0.316
574500,0.030,0.605,0.365
575000,0.030,0.683,0.287
575500,0.030,0.746,0.224
576000,0.030,0.733,0.237
576500,0.030,0.714,0.256
577000,0.030,0.645,0.325
577500,0.030,0.688,0.282
578000,0.030,0.694,0.276
578500,0.030,0.713,0.257
579000,0.030,0.713,0.257
579500,0.030,0.746,0.224
580000,0.030,0.683,0.287
580500,0.030,0.759,0.211
581000,0.030,0.809,0.160
581500,0.030,0.742,0.228
582000,0.030,0.731,0.239
582500,0.030,0.804,0.166
583000,0.030,0.770,0.200
583500,0.030,0.766,0.204
584000,0.030,0.788,0.181
584500,0.030,0.736,0.234
585000,0.030,0.697,0.273
585500,0.030,0.729,0.241
586000,0.030,0.704,0.266
586500,0.030,0.679,0.290
587000,0.030,0.708,0.262
587500,0.030,0.657,0.313
588000,0.030,0.667,0.302
588500,0.030,0.637,0.333
589000,0.030,0.626,0.344
589500,0.030,0.703,0.267
590000,0.030,0.736,0.234
590500,0.030,0.706,0.264
591000,0.030,0.721,0.249
591500,0.030,0.707,0.263
592000,0.030,0.654,0.316
592500,0.030,0.724,0.246
593000,0.030,0.650,0.320
593500,0.030,0.600,0.370
594000,0.030,0.600,0.370
594500,0.030,0.582,0.388
595000,0.030,0.645,0.325
595500,0.030,0.666,0.303
596000,0.030,0.689,0.281
596500,0.030,0.684,0.285
597000,0.030,0.706,0.264
597500,0.030,0.690,0.280
598000,0.030,0.714,0.256
598500,0.030,0.670,0.300
599000,0.030,0.690,0.280
599500,0.030,0.671,0.298
600000,0.030,0.640,0.330
600500,0.030,0.602,0.368
601000,0.030,0.625,0.345
601500,0.030,0.617,0.353
602000,0.030,0.629,0.341
602500,0.030,0.671,0.298
603000,0.030,0.661,0.308
603500,0.030,0.714,0.256
604000,0.030,0.638,0.332
604500,0.030,0.632,0.338
605000,0.030,0.655,0.315
605500,0.030,0.757,0.213
606000,0.030,0.754,0.216
606500,0.030,0.682,0.288
607000,0.030,0.599,0.371
607500,0.030,0.576,0.394
608000,0.030,0.643,0.327
608500,0.030,0.694,0.276
609000,0.030,0.743,0.227
609500,0.030,0.744,0.226
610000,0.030,0.738,0.232
610500,0.030,0.720,0.250
611000,0.030,0.668,0.301
611500,0.030,0.675,0.295
612000,0.030,0.720,0.250
612500,0.030,0.802,0.168
613000,0.030,0.763,0.207
613500,0.030,0.705,0.265
614000,0.030,0.716,0.254
614500,0.030,0.785,0.184
615000,0.030,0.738,0.232
615500,0.030,0.702,0.268
616000,0.030,0.675,0.294
616500,0.030,0.704,0.266
617000,0.030,0.668,0.301
617500,0.030,0.708,0.262
618000,0.030,0.751,0.219
618500,0.030,0.740,0.230
619000,0.030,0.695,0.275
619500,0.030,0.714,0.256
620000,0.030,0.643,0.327
620500,0.030,0.636,0.334
621000,0.030,0.670,0.299
621500,0.030,0.662,0.308
622000,0.030,0.588,0.382
622500,0.030,0.605,0.365
623000,0.030,0.725,0.245
623500,0.030,0.690,0.280
624000,0.030,0.682,0.288
624500,0.030,0.714,0.256
625000,0.030,0.713,0.257
625500,0.030,0.659,0.311
626000,0.030,0.681,0.289
626500,0.030,0.653,0.317
627000,0.030,0.709,0.261
627500,0.030,0.680,0.289
628000,0.030,0.617,0.353
628500,0.030,0.635,0.335
629000,0.030,0.592,0.378
629500,0.030,0.588,0.382
630000,0.030,0.693,0.277
630500,0.030,0.718,0.252
631000,0.030,0.670,0.300
631500,0.030,0.675,0.295
632000,0.030,0.709,0.261
632500,0.030,0.696,0.274
633000,0.030,0.757,0.213
633500,0.030,0.697,0.273
634000,0.030,0.719,0.251
634500,0.030,0.697,0.273
635000,0.030,0.728,0.242
635500,0.030,0.718,0.252
636000,0.030,0.717,0.253
636500,0.030,0.732,0.238
637000,0.030,0.739,0.231
637500,0.030,0.695,0.275
638000,0.030,0.668,0.302
638500,0.030,0.717,0.253
639000,0.030,0.746,0.224
639500,0.030,0.702,0.268
640000,0.030,0.757,0.213
640500,0.030,0.709,0.261
641000,0.030,0.720,0.250
641500,0.030,0.664,0.306
642000,0.030,0.687,0.283
642500,0.030,0.690,0.280
643000,0.030,0.673,0.297
643500,0.030,0.653,0.317
644000,0.030,0.697,0.273
644500,0.030,0.638,0.332
645000,0.030,0.669,0.300
645500,0.030,0.711,0.259
646000,0.030,0.613,0.357
646500,0.030,0.617,0.353
647000,0.030,0.664,0.305
647500,0.030,0.645,0.325
648000,0.030,0.643,0.327
648500,0.030,0.649,0.321
649000,0.030,0.750,0.220
649500,0.030,0.771,0.199
650000,0.030,0.765,0.205
650500,0.030,0.713,0.257
651000,0.030,0.696,0.274
651500,0.030,0.770,0.200
652000,0.030,0.686,0.283
652500,0.030,0.694,0.276
653000,0.030,0.679,0.290
653500,0.030,0.664,0.305
654000,0.030,0.738,0.232
654500,0.030,0.738,0.232
655000,0.030,0.748,0.222
655500,0.030,0.745,0.225
656000,0.030,0.750,0.220
656500,0.030,0.686,0.284
657000,0.030,0.683,0.287
657500,0.030,0.623,0.347
658000,0.030,0.624,0.346
658500,0.030,0.631,0.339
659000,0.030,0.621,0.349
659500,0.030,0.680,0.290
660000,0.030,0.690,0.280
660500,0.030,0.737,0.233
661000,0.030,0.703,0.267
661500,0.030,0.723,0.247
662000,0.030,0.705,0.265
662500,0.030,0.692,0.278
663000,0.030,0.741,0.229
663500,0.030,0.746,0.224
664000,0.030,0.746,0.224
664500,0.030,0.733,0.237
665000,0.030,0.705,0.265
665500,0.030,0.727,0.243
666000,0.030,0.678,0.291
666500,0.030,0.681,0.289
667000,0.030,0.672,0.297
667500,0.030,0.750,0.220
668000,0.030,0.748,0.222
668500,0.030,0.685,0.285
669000,0.030,0.636,0.334
669500,0.030,0.654,0.316
670000,0.030,0.733,0.237
670500,0.030,0.747,0.223
671000,0.030,0.727,0.243
671500,0.030,0.706,0.264
672000,0.030,0.694,0.276
672500,0.030,0.728,0.242
673000,0.030,0.686,0.283
673500,0.030,0.664,0.306
674000,0.030,0.599,0.371
674500,0.030,0.599,0.371
675000,0.030,0.609,0.361
675500,0.030,0.621,0.349
676000,0.030,0.713,0.257
676500,0.030,0.672,0.298
677000,0.030,0.651,0.319
677500,0.030,0.539,0.430
678000,0.030,0.629,0.341
678500,0.030,0.616,0.354
679000,0.030,0.645,0.325
679500,0.030,0.617,0.353
680000,0.030,0.625,0.345
680500,0.030,0.676,0.294
681000,0.030,0.691,0.279
681500,0.030,0.719,0.251
682000,0.030,0.663,0.307
682500,0.030,0.638,0.332
683000,0.030,0.627,0.343
683500,0.030,0.557,0.413
684000,0.030,0.649,0.321
684500,0.030,0.684,0.286
685000,0.030,0.688,0.282
685500,0.030,0.629,0.341
686000,0.030,0.610,0.360
686500,0.030,0.646,0.324
687000,0.030,0.626,0.344
687500,0.030,0.690,0.280
688000,0.030,0.651,0.319
688500,0.030,0.685,0.284
689000,0.030,0.722,0.248
689500,0.030,0.742,0.228
690000,0.030,0.673,0.296
690500,0.030,0.666,0.303
691000,0.030,0.751,0.219
691500,0.030,0.733,0.237
692000,0.030,0.628,0.342
692500,0.030,0.597,0.373
693000,0.030,0.639,0.331
693500,0.030,0.663,0.306
694000,0.030,0.747,0.223
694500,0.030,0.694,0.276
695000,0.030,0.669,0.301
695500,0.030,0.708,0.262
696000,0.030,0.706,0.264
696500,0.030,0.683,0.287
697000,0.030,0.697,0.273
697500,0.030,0.719,0.251
698000,0.030,0.682,0.287
698500,0.030,0.710,0.260
699000,0.030,0.694,0.276
699500,0.030,0.658,0.312
700000,0.030,0.721,0.249
700500,0.030,0.711,0.259
701000,0.030,0.673,0.296
701500,0.030,0.657,0.313
702000,0.030,0.664,0.306
702500,0.030,0.625,0.345
703000,0.030,0.555,0.415
703500,0.030,0.629,0.341
704000,0.030,0.625,0.345
704500,0.030,0.587,0.383
705000,0.030,0.650,0.320
705500,0.030,0.649,0.321
706000,0.030,0.681,0.288
706500,0.030,0.769,0.201
707000,0.030,0.769,0.201
707500,0.030,0.749,0.221
708000,0.030,0.751,0.219
708500,0.030,0.702,0.268
709000,0.030,0.682,0.288
709500,0.030,0.731,0.239
710000,0.030,0.727,0.243
710500,0.030,0.781,0.189
711000,0.030,0.673,0.297
711500,0.030,0.700,0.270
712000,0.030,0.706,0.264
712500,0.030,0.744,0.226
713000,0.030,0.670,0.299
713500,0.030,0.746,0.224
714000,0.030,0.702,0.268
714500,0.030,0.775,0.195
715000,0.030,0.767,0.203
715500,0.030,0.771,0.199
716000,0.030,0.680,0.289
716500,0.030,0.664,0.306
717000,0.030,0.684,0.285
717500,0.030,0.667,0.302
718000,0.030,0.561,0.409
718500,0.030,0.599,0.371
719000,0.030,0.627,0.343
719500,0.030,0.555,0.415
720000,0.030,0.669,0.300
720500,0.030,0.639,0.331
721000,0.030,0.683,0.286
721500,0.030,0.647,0.323
722000,0.030,0.528,0.442
722500,0.030,0.618,0.352
723000,0.030,0.604,0.366
723500,0.030,0.674,0.295
724000,0.030,0.712,0.258
724500,0.030,0.776,0.194
725000,0.030,0.741,0.229
725500,0.030,0.693,0.277
726000,0.030,0.718,0.252
726500,0.030,0.754,0.216
727000,0.030,0.735,0.235
727500,0.030,0.709,0.261
728000,0.030,0.703,0.267
728500,0.030,0.725,0.245
729000,0.030,0.740,0.230
729500,0.030,0.681,0.289
730000,0.030,0.690,0.280
730500,0.030,0.769,0.201
731000,0.030,0.633,0.337
731500,0.030,0.737,0.233
732000,0.030,0.755,0.215
732500,0.030,0.744,0.226
733000,0.030,0.662,0.307
733500,0.030,0.606,0.364
734000,0.030,0.701,0.269
734500,0.030,0.674,0.295
735000,0.030,0.651,0.319
735500,0.030,0.725,0.245
736000,0.030,0.705,0.265
736500,0.030,0.715,0.255
737000,0.030,0.633,0.337
737500,0.030,0.594,0.376
738000,0.030,0.676,0.294
738500,0.030,0.670,0.300
739000,0.030,0.702,0.268
739500,0.030,0.688,0.282
740000,0.030,0.702,0.268
740500,0.030,0.759,0.211
741000,0.030,0.717,0.253
741500,0.030,0.699,0.271
742000,0.030,0.702,0.268
742500,0.030,0.713,0.257
743000,0.030,0.634,0.336
743500,0.030,0.623,0.347
744000,0.030,0.535,0.435
744500,0.030,0.561,0.408
745000,0.030,0.623,0.347
745500,0.030,0.582,0.388
746000,0.030,0.667,0.303
746500,0.030,0.625,0.345
747000,0.030,0.670,0.300
747500,0.030,0.736,0.234
748000,0.030,0.679,0.290
748500,0.030,0.626,0.344
749000,0.030,0.658,0.311
749500,0.030,0.648,0.322
750000,0.030,0.607,0.363
750500,0.030,0.667,0.303
751000,0.030,0.713,0.257
751500,0.030,0.690,0.280
752000,0.030,0.738,0.232
752500,0.030,0.721,0.249
753000,0.030,0.703,0.267
753500,0.030,0.611,0.359
754000,0.030,0.595,0.375
754500,0.030,0.643,0.327
755000,0.030,0.639,0.331
755500,0.030,0.664,0.306
756000,0.030,0.655,0.315
756500,0.030,0.654,0.316
757000,0.030,0.663,0.306
757500,0.030,0.685,0.285
758000,0.030,0.694,0.276
758500,0.030,0.733,0.237
759000,0.030,0.739,0.231
759500,0.030,0.693,0.277
760000,0.030,0.740,0.230
760500,0.030,0.699,0.271
761000,0.030,0.682,0.287
761500,0.030,0.662,0.308
762000,0.030,0.711,0.259
762500,0.030,0.730,0.240
763000,0.030,0.710,0.260
763500,0.030,0.742,0.228
764000,0.030,0.694,0.276
764500,0.030,0.716,0.254
765000,0.030,0.732,0.238
765500,0.030,0.750,0.220
766000,0.030,0.713,0.257
766500,0.030,0.696,0.274
767000,0.030,0.678,0.291
767500,0.030,0.749,0.221
768000,0.030,0.705,0.265
768500,0.030,0.681,0.289
769000,0.030,0.641,0.329
769500,0.030,0.658,0.311
770000,0.030,0.679,0.291
770500,0.030,0.725,0.245
771000,0.030,0.698,0.272
771500,0.030,0.701,0.269
772000,0.030,0.709,0.261
772500,0.030,0.555,0.415
773000,0.030,0.661,0.309
773500,0.030,0.567,0.403
774000,0.030,0.634,0.336
774500,0.030,0.602,0.368
775000,0.030,0.635,0.335
775500,0.030,0.638,0.332
776000,0.030,0.565,0.405
776500,0.030,0.640,0.330
777000,0.030,0.693,0.277
777500,0.030,0.738,0.232
778000,0.030,0.734,0.236
778500,0.030,0.712,0.258
779000,0.030,0.674,0.295
779500,0.030,0.669,0.300
780000,0.030,0.706,0.264
780500,0.030,0.687,0.283
781000,0.030,0.757,0.213
781500,0.030,0.704,0.266
782000,0.030,0.624,0.346
782500,0.030,0.627,0.343
783000,0.030,0.624,0.346
783500,0.030,0.678,0.291
784000,0.030,0.711,0.259
784500,0.030,0.638,0.332
785000,0.030,0.669,0.301
785500,0.030,0.702,0.268
786000,0.030,0.721,0.249
786500,0.030,0.714,0.256
787000,0.030,0.738,0.232
787500,0.030,0.731,0.239
788000,0.030,0.664,0.306
788500,0.030,0.647,0.323
789000,0.030,0.638,0.332
789500,0.030,0.591,0.379
790000,0.030,0.619,0.351
790500,0.030,0.678,0.292
791000,0.030,0.718,0.252
791500,0.030,0.706,0.264
792000,0.030,0.701,0.269
792500,0.030,0.624,0.346
793000,0.030,0.646,0.324
793500,0.030,0.672,0.297
794000,0.030,0.707,0.263
794500,0.030,0.672,0.298
795000,0.030,0.696,0.274
795500,0.030,0.708,0.262
796000,0.030,0.692,0.278
796500,0.030,0.705,0.265
797000,0.030,0.711,0.259
797500,0.030,0.684,0.285
798000,0.030,0.721,0.249
798500,0.030,0.662,0.307
799000,0.030,0.659,0.311
799500,0.030,0.657,0.313
800000,0.030,0.651,0.319
800500,0.030,0.669,0.301
801000,0.030,0.687,0.283
801500,0.030,0.686,0.283
802000,0.030,0.726,0.244
802500,0.030,0.734,0.236
803000,0.030,0.812,0.157
803500,0.030,0.743,0.227
804000,0.030,0.719,0.251
804500,0.030,0.701,0.269
805000,0.030,0.740,0.230
805500,0.030,0.752,0.218
806000,0.030,0.736,0.234
806500,0.030,0.692,0.278
807000,0.030,0.714,0.256
807500,0.030,0.606,0.364
808000,0.030,0.639,0.331
808500,0.030,0.610,0.360
809000,0.030,0.693,0.277
809500,0.030,0.736,0.234
810000,0.030,0.634,0.336
810500,0.030,0.603,0.367
811000,0.030,0.677,0.292
811500,0.030,0.693,0.277
812000,0.030,0.666,0.303
812500,0.030,0.639,0.331
813000,0.030,0.627,0.343
813500,0.030,0.691,0.279
814000,0.030,0.685,0.285
814500,0.030,0.671,0.299
815000,0.030,0.645,0.325
815500,0.030,0.664,0.306
816000,0.030,0.689,0.281
816500,0.030,0.700,0.270
817000,0.030,0.697,0.273
817500,0.030,0.730,0.240
818000,0.030,0.702,0.268
818500,0.030,0.719,0.251
819000,0.030,0.710,0.260
819500,0.030,0.659,0.310
820000,0.030,0.562,0.408
820500,0.030,0.574,0.396
821000,0.030,0.658,0.312
821500,0.030,0.644,0.326
822000,0.030,0.719,0.251
822500,0.030,0.664,0.306
823000,0.030,0.687,0.283
823500,0.030,0.715,0.255
824000,0.030,0.732,0.238
824500,0.030,0.691,0.279
825000,0.030,0.713,0.257
825500,0.030,0.610,0.360
826000,0.030,0.657,0.312
826500,0.030,0.691,0.279
827000,0.030,0.684,0.285
827500,0.030,0.709,0.261
828000,0.030,0.668,0.302
828500,0.030,0.692,0.278
829000,0.030,0.635,0.335
829500,0.030,0.685,0.284
830000,0.030,0.661,0.309
830500,0.030,0.703,0.267
831000,0.030,0.704,0.266
831500,0.030,0.729,0.241
832000,0.030,0.654,0.316
832500,0.030,0.655,0.315
833000,0.030,0.648,0.322
833500,0.030,0.661,0.308
834000,0.030,0.701,0.269
834500,0.030,0.705,0.265
835000,0.030,0.754,0.216
835500,0.030,0.785,0.184
836000,0.030,0.761,0.209
836500,0.030,0.731,0.239
837000,0.030,0.745,0.225
837500,0.030,0.780,0.190
838000,0.030,0.740,0.230
838500,0.030,0.760,0.210
839000,0.030,0.708,0.262
839500,0.030,0.651,0.319
840000,0.030,0.573,0.397
840500,0.030,0.598,0.372
841000,0.030,0.578,0.392
841500,0.030,0.645,0.325
842000,0.030,0.680,0.290
842500,0.030,0.640,0.330
843000,0.030,0.680,0.289
843500,0.030,0.681,0.288
844000,0.030,0.628,0.342
844500,0.030,0.577,0.393
845000,0.030,0.641,0.329
845500,0.030,0.724,0.246
846000,0.030,0.702,0.268
846500,0.030,0.700,0.270
847000,0.030,0.692,0.278
847500,0.030,0.639,0.331
848000,0.030,0.618,0.352
848500,0.030,0.603,0.367
849000,0.030,0.677,0.293
849500,0.030,0.610,0.360
850000,0.030,0.618,0.352
850500,0.030,0.676,0.293
851000,0.030,0.710,0.260
851500,0.030,0.733,0.237
852000,0.030,0.637,0.333
852500,0.030,0.685,0.284
853000,0.030,0.677,0.293
853500,0.030,0.680,0.289
854000,0.030,0.670,0.299
854500,0.030,0.724,0.246
855000,0.030,0.691,0.279
855500,0.030,0.717,0.253
856000,0.030,0.794,0.176
856500,0.030,0.727,0.243
857000,0.030,0.676,0.293
857500,0.030,0.638,0.332
858000,0.030,0.629,0.341
858500,0.030,0.579,0.391
859000,0.030,0.597,0.373
859500,0.030,0.621,0.349
860000,0.030,0.594,0.376
860500,0.030,0.625,0.345
861000,0.030,0.658,0.311
861500,0.030,0.645,0.325
862000,0.030,0.679,0.290
862500,0.030,0.686,0.284
863000,0.030,0.646,0.324
863500,0.030,0.665,0.304
864000,0.030,0.693,0.277
864500,0.030,0.706,0.264
865000,0.030,0.722,0.248
865500,0.030,0.681,0.289
866000,0.030,0.673,0.297
866500,0.030,0.632,0.338
867000,0.030,0.592,0.378
867500,0.030,0.613,0.357
868000,0.030,0.645,0.325
868500,0.030,0.647,0.323
869000,0.030,0.670,0.299
869500,0.030,0.779,0.191
870000,0.030,0.720,0.250
870500,0.030,0.730,0.240
871000,0.030,0.756,0.214
871500,0.030,0.756,0.214
872000,0.030,0.664,0.305
872500,0.030,0.784,0.185
873000,0.030,0.783,0.187
873500,0.030,0.750,0.220
874000,0.030,0.718,0.252
874500,0.030,0.735,0.235
875000,0.030,0.743,0.227
875500,0.030,0.750,0.220
876000,0.030,0.654,0.316
876500,0.030,0.706,0.264
877000,0.030,0.770,0.200
877500,0.030,0.739,0.231
878000,0.030,0.790,0.179
878500,0.030,0.726,0.244
879000,0.030,0.732,0.238
879500,0.030,0.658,0.311
880000,0.030,0.629,0.341
880500,0.030,0.619,0.351
881000,0.030,0.702,0.268
881500,0.030,0.687,0.283
882000,0.030,0.757,0.213
882500,0.030,0.663,0.307
883000,0.030,0.615,0.355
883500,0.030,0.697,0.273
884000,0.030,0.693,0.277
884500,0.030,0.736,0.234
885000,0.030,0.661,0.309
885500,0.030,0.716,0.254
886000,0.030,0.669,0.301
886500,0.030,0.689,0.281
887000,0.030,0.737,0.233
887500,0.030,0.669,0.300
888000,0.030,0.695,0.275
888500,0.030,0.654,0.316
889000,0.030,0.675,0.294
889500,0.030,0.700,0.270
890000,0.030,0.657,0.312
890500,0.030,0.719,0.251
891000,0.030,0.706,0.264
891500,0.030,0.690,0.280
892000,0.030,0.706,0.264
892500,0.030,0.751,0.219
893000,0.030,0.734,0.236
893500,0.030,0.663,0.306
894000,0.030,0.686,0.283
894500,0.030,0.699,0.271
895000,0.030,0.702,0.268
895500,0.030,0.817,0.153
896000,0.030,0.750,0.220
896500,0.030,0.745,0.225
897000,0.030,0.750,0.220
897500,0.030,0.716,0.254
898000,0.030,0.650,0.320
898500,0.030,0.648,0.322
899000,0.030,0.655,0.315
899500,0.030,0.727,0.243
900000,0.030,0.753,0.217
900500,0.030,0.728,0.242
901000,0.030,0.669,0.301
901500,0.030,0.570,0.400
902000,0.030,0.611,0.359
902500,0.030,0.560,0.409
903000,0.030,0.678,0.292
903500,0.030,0.663,0.306
904000,0.030,0.712,0.258
904500,0.030,0.690,0.280
905000,0.030,0.671,0.299
905500,0.030,0.709,0.261
906000,0.030,0.672,0.298
906500,0.030,0.713,0.257
907000,0.030,0.724,0.246
907500,0.030,0.703,0.267
908000,0.030,0.732,0.238
908500,0.030,0.718,0.252
909000,0.030,0.722,0.248
909500,0.030,0.801,0.169
910000,0.030,0.724,0.246
910500,0.030,0.676,0.293
911000,0.030,0.698,0.272
911500,0.030,0.655,0.315
912000,0.030,0.621,0.349
912500,0.030,0.674,0.296
913000,0.030,0.656,0.314
913500,0.030,0.636,0.334
914000,0.030,0.612,0.358
914500,0.030,0.699,0.271
915000,0.030,0.662,0.308
915500,0.030,0.713,0.257
916000,0.030,0.706,0.264
916500,0.030,0.629,0.341
917000,0.030,0.672,0.297
917500,0.030,0.643,0.327
918000,0.030,0.696,0.274
918500,0.030,0.670,0.300
919000,0.030,0.753,0.217
919500,0.030,0.756,0.214
920000,0.030,0.784,0.185
920500,0.030,0.721,0.249
921000,0.030,0.701,0.269
921500,0.030,0.690,0.280
922000,0.030,0.642,0.328
922500,0.030,0.708,0.262
923000,0.030,0.682,0.288
923500,0.030,0.672,0.297
924000,0.030,0.693,0.277
924500,0.030,0.692,0.278
925000,0.030,0.689,0.281
925500,0.030,0.748,0.222
926000,0.030,0.681,0.289
926500,0.030,0.685,0.284
927000,0.030,0.790,0.179
927500,0.030,0.773,0.197
928000,0.030,0.720,0.250
928500,0.030,0.796,0.174
929000,0.030,0.786,0.184
929500,0.030,0.705,0.265
930000,0.030,0.645,0.325
930500,0.030,0.638,0.332
931000,0.030,0.686,0.283
931500,0.030,0.687,0.283
932000,0.030,0.715,0.255
932500,0.030,0.668,0.301
933000,0.030,0.659,0.310
933500,0.030,0.678,0.291
934000,0.030,0.694,0.276
934500,0.030,0.719,0.251
935000,0.030,0.731,0.239
935500,0.030,0.732,0.238
936000,0.030,0.775,0.195
936500,0.030,0.813,0.157
937000,0.030,0.742,0.228
937500,0.030,0.681,0.289
938000,0.030,0.686,0.283
938500,0.030,0.615,0.355
939000,0.030,0.540,0.430
939500,0.030,0.691,0.279
940000,0.030,0.708,0.262
940500,0.030,0.699,0.271
941000,0.030,0.653,0.317
941500,0.030,0.670,0.300
942000,0.030,0.648,0.322
942500,0.030,0.619,0.351
943000,0.030,0.558,0.411
943500,0.030,0.626,0.344
944000,0.030,0.732,0.238
944500,0.030,0.649,0.321
945000,0.030,0.682,0.287
945500,0.030,0.787,0.183
946000,0.030,0.774,0.196
946500,0.030,0.703,0.267
947000,0.030,0.786,0.183
947500,0.030,0.700,0.270
948000,0.030,0.716,0.254
948500,0.030,0.664,0.305
949000,0.030,0.654,0.316
949500,0.030,0.702,0.268
950000,0.030,0.633,0.337
950500,0.030,0.636,0.334
951000,0.030,0.595,0.375
951500,0.030,0.689,0.281
952000,0.030,0.671,0.298
952500,0.030,0.680,0.290
953000,0.030,0.647,0.323
953500,0.030,0.650,0.320
954000,0.030,0.644,0.326
954500,0.030,0.601,0.369
955000,0.030,0.736,0.234
955500,0.030,0.808,0.162
956000,0.030,0.723,0.247
956500,0.030,0.787,0.182
957000,0.030,0.762,0.208
957500,0.030,0.703,0.267
958000,0.030,0.745,0.225
958500,0.030,0.733,0.237
959000,0.030,0.687,0.283
959500,0.030,0.732,0.238
960000,0.030,0.681,0.288
960500,0.030,0.625,0.345
961000,0.030,0.620,0.350
961500,0.030,0.673,0.297
962000,0.030,0.683,0.286
962500,0.030,0.682,0.288
963000,0.030,0.676,0.293
963500,0.030,0.770,0.200
964000,0.030,0.650,0.320
964500,0.030,0.632,0.338
965000,0.030,0.752,0.218
965500,0.030,0.708,0.262
966000,0.030,0.693,0.277
966500,0.030,0.669,0.301
967000,0.030,0.647,0.323
967500,0.030,0.640,0.330
968000,0.030,0.619,0.351
968500,0.030,0.706,0.264
969000,0.030,0.705,0.265
969500,0.030,0.646,0.324
970000,0.030,0.708,0.262
970500,0.030,0.720,0.250
971000,0.030,0.734,0.236
971500,0.030,0.780,0.190
972000,0.030,0.777,0.193
972500,0.030,0.791,0.178
973000,0.030,0.667,0.303
973500,0.030,0.641,0.329
974000,0.030,0.653,0.317
974500,0.030,0.757,0.213
975000,0.030,0.754,0.216
975500,0.030,0.774,0.196
976000,0.030,0.712,0.258
976500,0.030,0.684,0.285
977000,0.030,0.648,0.322
977500,0.030,0.694,0.276
978000,0.030,0.651,0.319
978500,0.030,0.718,0.252
979000,0.030,0.724,0.246
979500,0.030,0.674,0.296
980000,0.030,0.641,0.329
980500,0.030,0.683,0.287
981000,0.030,0.712,0.258
981500,0.030,0.728,0.242
982000,0.030,0.716,0.254
982500,0.030,0.774,0.196
983000,0.030,0.700,0.270
983500,0.030,0.726,0.244
984000,0.030,0.693,0.277
984500,0.030,0.725,0.245
985000,0.030,0.747,0.223
985500,0.030,0.733,0.237
986000,0.030,0.635,0.335
986500,0.030,0.669,0.301
987000,0.030,0.685,0.284
987500,0.030,0.730,0.240
988000,0.030,0.713,0.257
988500,0.030,0.710,0.260
989000,0.030,0.640,0.330
989500,0.030,0.585,0.385
990000,0.030,0.656,0.314
990500,0.030,0.710,0.260
991000,0.030,0.665,0.305
991500,0.030,0.631,0.339
992000,0.030,0.693,0.277
992500,0.030,0.749,0.221
993000,0.030,0.752,0.218
993500,0.030,0.729,0.241
994000,0.030,0.740,0.230
994500,0.030,0.734,0.236
995000,0.030,0.714,0.256
995500,0.030,0.669,0.301
996000,0.030,0.721,0.249
996500,0.030,0.652,0.318
997000,0.030,0.696,0.274
997500,0.030,0.736,0.234
998000,0.030,0.719,0.251
998500,0.030,0.724,0.246
999000,0.030,0.714,0.256
999500,0.030,0.720,0.250
1000000,0.030,0.683,0.286
